chi2,dof,p
4.384893893293147,1,0.03625874885090105
